timestamp,symbol,action,price,position,unrealized_profit
2025-06-07T19:26:51.813462,ATOMUSDC,1,4.3102,1,0.0
2025-06-07T19:30:40.906715,ATOMUSDC,2,4.31021,-1,0.0
2025-06-07T19:33:24.193489,ATOMUSDC,2,4.31051,-1,0.0
2025-06-07T19:36:27.179148,ATOMUSDC,2,4.31026,-1,0.0
2025-06-07T19:38:48.635149,ATOMUSDC,1,4.31054,1,0.0
2025-06-07T19:40:29.733968,ATOMUSDC,2,4.3107,-1,0.0
2025-06-07T19:45:49.069130,ATOMUSDC,2,4.31213,-1,0.0
2025-06-07T19:46:48.972969,ATOMUSDC,1,4.31127,1,0.0
2025-06-07T19:47:24.180898,ATOMUSDC,2,4.31117,-1,0.0
2025-06-07T19:49:49.299929,ATOMUSDC,2,4.31114,-1,0.0
2025-06-07T19:51:48.666266,ATOMUSDC,2,4.31099,-1,0.0
2025-06-07T19:52:48.512634,ATOMUSDC,2,4.31093,-1,6.000000000039307e-05
2025-06-07T19:53:47.321706,ATOMUSDC,1,4.31107,1,0.0
2025-06-07T19:54:46.174139,ATOMUSDC,2,4.31116,-1,0.0
2025-06-07T19:55:45.001810,ATOMUSDC,2,4.31116,-1,0.0
2025-06-07T19:56:43.826181,ATOMUSDC,1,4.31109,1,0.0
2025-06-07T19:57:42.639782,ATOMUSDC,2,4.3111,-1,0.0
2025-06-07T19:58:42.467473,ATOMUSDC,2,4.31093,-1,0.00016999999999978144
2025-06-07T19:59:41.311182,ATOMUSDC,2,4.31087,-1,0.00022999999999928633
2025-06-07T20:00:42.197789,ATOMUSDC,1,4.31092,1,0.0
2025-06-07T20:01:19.955070,ATOMUSDC,2,4.31078,-1,0.0
2025-06-07T20:05:05.175737,ATOMUSDC,2,4.30997,-1,0.0
2025-06-07T20:22:52.067692,ATOMUSDC,1,4.31139,1,0.0
2025-06-07T20:24:13.792173,ATOMUSDC,1,4.31153,1,0.0
2025-06-07T20:27:09.889041,ATOMUSDC,1,4.31124,1,0.0
2025-06-07T20:29:30.168334,ATOMUSDC,1,4.31115,1,0.0
2025-06-07T20:32:03.537260,ATOMUSDC,1,4.31073,1,0.0
2025-06-07T20:34:57.437030,ATOMUSDC,1,4.31114,1,0.0
2025-06-07T20:35:46.333511,ATOMUSDC,1,4.311,1,0.0
2025-06-07T20:36:36.068495,ATOMUSDC,1,4.31149,1,0.0
2025-06-07T20:38:17.084291,ATOMUSDC,1,4.31124,1,0.0
2025-06-07T20:39:16.752313,ATOMUSDC,2,4.31142,-1,0.0
2025-06-07T20:40:06.406660,ATOMUSDC,2,4.31147,-1,0.0
2025-06-07T20:41:35.865212,ATOMUSDC,2,4.31166,-1,0.0
2025-06-07T20:42:35.358502,ATOMUSDC,2,4.31166,-1,0.0
2025-06-07T20:43:33.941555,ATOMUSDC,2,4.3115,-1,0.00016000000000016001
2025-06-07T20:44:32.627836,ATOMUSDC,1,4.31159,1,0.0
2025-06-07T20:45:31.368698,ATOMUSDC,1,4.31138,1,-0.00021000000000004349
2025-06-07T20:46:31.035530,ATOMUSDC,2,4.31288,-1,0.0
2025-06-07T20:47:30.181752,ATOMUSDC,2,4.31281,-1,7.00000000000145e-05
2025-06-07T20:48:28.903072,ATOMUSDC,2,4.31277,-1,0.00010999999999938836
2025-06-07T20:49:27.389218,ATOMUSDC,1,4.31296,1,0.0
2025-06-07T20:50:25.860421,ATOMUSDC,1,4.31289,1,-7.00000000000145e-05
2025-06-07T20:51:24.845350,ATOMUSDC,2,4.31308,-1,0.0
2025-06-07T20:52:23.310529,ATOMUSDC,1,4.31296,1,0.0
2025-06-07T20:53:21.750324,ATOMUSDC,2,4.31294,-1,0.0
2025-06-07T20:54:20.270026,ATOMUSDC,1,4.31291,1,0.0
2025-06-07T20:55:20.371201,ATOMUSDC,1,4.31309,1,0.00018000000000029104
2025-06-07T20:56:19.270337,ATOMUSDC,1,4.31288,1,-2.9999999999752447e-05
2025-06-07T20:57:17.677188,ATOMUSDC,1,4.31281,1,-9.999999999976694e-05
2025-06-07T20:58:16.105732,ATOMUSDC,2,4.31306,-1,0.0
2025-06-07T20:59:14.531299,ATOMUSDC,1,4.31312,1,0.0
2025-06-07T21:00:12.923715,ATOMUSDC,1,4.31332,1,0.00020000000000042206
2025-06-07T21:01:11.318665,ATOMUSDC,2,4.31345,-1,0.0
2025-06-07T21:02:10.177896,ATOMUSDC,2,4.31343,-1,1.9999999999242846e-05
2025-06-07T21:03:08.528483,ATOMUSDC,1,4.31308,1,0.0
2025-06-07T21:04:08.534526,ATOMUSDC,1,4.31333,1,0.00024999999999941735
2025-06-07T21:05:06.989181,ATOMUSDC,2,4.31363,-1,0.0
2025-06-07T21:06:05.910132,ATOMUSDC,2,4.31363,-1,0.0
2025-06-07T21:07:04.180920,ATOMUSDC,2,4.31346,-1,0.00016999999999978144
2025-06-07T21:08:03.050615,ATOMUSDC,2,4.31337,-1,0.00025999999999992696
2025-06-07T21:09:01.903732,ATOMUSDC,2,4.31347,-1,0.00016000000000016001
2025-06-07T21:10:01.163384,ATOMUSDC,2,4.31332,-1,0.00030999999999981043
2025-06-07T21:10:59.940459,ATOMUSDC,1,4.31324,1,0.0
2025-06-07T21:11:59.261504,ATOMUSDC,2,4.31316,-1,0.0
2025-06-07T21:12:58.818652,ATOMUSDC,1,4.31308,1,0.0
2025-06-07T21:13:57.542133,ATOMUSDC,2,4.31308,-1,0.0
2025-06-07T21:14:55.926533,ATOMUSDC,2,4.31288,-1,0.00020000000000042206
2025-06-07T21:15:54.241174,ATOMUSDC,2,4.31279,-1,0.0002900000000005676
2025-06-07T21:16:53.026023,ATOMUSDC,2,4.31308,-1,0.0
2025-06-07T21:17:51.734556,ATOMUSDC,2,4.31316,-1,-7.999999999963592e-05
2025-06-09T08:34:03.246236,ATOMUSDC,0,4.26615,0,0.0
2025-06-09T08:35:32.113663,ATOMUSDC,2,4.2662,-1,0.0
2025-06-09T08:36:27.059130,ATOMUSDC,2,4.26615,-1,5.000000000077165e-05
2025-06-09T08:43:11.657764,ATOMUSDC,0,4.26191,0,0.0
2025-06-09T08:44:06.723914,ATOMUSDC,0,4.26179,0,0.0
2025-06-09T08:45:01.699022,ATOMUSDC,2,4.26181,-1,0.0
2025-06-09T08:45:56.621420,ATOMUSDC,2,4.2618,-1,9.999999999621423e-06
2025-06-09T08:46:51.580807,ATOMUSDC,2,4.26178,-1,2.9999999999752447e-05
2025-06-09T08:47:46.530945,ATOMUSDC,2,4.26164,-1,0.00016999999999978144
2025-06-09T08:48:41.468555,ATOMUSDC,2,4.26166,-1,0.0001499999999996504
2025-06-09T13:08:54.691216,ATOMUSDC,2,4.21475,-1,0.0
2025-06-09T13:09:55.053008,ATOMUSDC,0,4.21449,-1,0.00026000000000081513
2025-06-09T13:10:55.076935,ATOMUSDC,0,4.21447,-1,0.000280000000000058
2025-06-09T13:11:55.122155,ATOMUSDC,0,4.2147,-1,5.000000000077165e-05
2025-06-09T13:12:55.415599,ATOMUSDC,2,4.21464,-1,0.00011000000000027654
2025-06-09T13:13:55.699193,ATOMUSDC,2,4.21471,-1,4.000000000026205e-05
2025-06-09T13:14:55.379743,ATOMUSDC,0,4.21466,-1,9.000000000014552e-05
2025-06-09T13:15:55.282243,ATOMUSDC,2,4.21476,-1,-9.999999999621423e-06
2025-06-09T13:16:54.682320,ATOMUSDC,0,4.21478,-1,-2.9999999999752447e-05
2025-06-09T13:17:54.029066,ATOMUSDC,0,4.21486,-1,-0.00010999999999938836
2025-06-09T13:18:53.712680,ATOMUSDC,2,4.21581,-1,-0.0010599999999998388
2025-06-09T13:19:53.388295,ATOMUSDC,2,4.21591,-1,-0.0011599999999996058
2025-06-09T13:20:53.582421,ATOMUSDC,2,4.21584,-1,-0.0010899999999995913
2025-06-09T13:21:53.326482,ATOMUSDC,2,4.21582,-1,-0.0010699999999994603
2025-06-09T13:22:05.656704,ATOMUSDC,2,4.21789,-1,0.0
2025-06-09T13:22:06.509452,ADAUSDC,1,0.659624,1,0.0
2025-06-09T13:23:05.910670,ATOMUSDC,0,4.2198,-1,-0.0019100000000005224
2025-06-09T13:23:05.923489,ADAUSDC,0,0.659911,1,0.0002870000000000372
2025-06-09T13:24:06.560003,ATOMUSDC,2,4.22179,-1,-0.0039000000000006807
2025-06-09T13:24:06.941940,ADAUSDC,1,0.660753,1,0.0011290000000000466
2025-06-09T13:25:06.331604,ATOMUSDC,0,4.22187,-1,-0.003980000000000317
2025-06-09T13:25:06.921842,ADAUSDC,1,0.660744,1,0.0011200000000000099
2025-06-09T13:26:06.838629,ATOMUSDC,1,4.2228,1,0.0
2025-06-09T13:26:06.850370,ADAUSDC,0,0.660816,1,0.0011919999999999709
2025-06-09T13:27:06.238389,ATOMUSDC,0,4.2229,1,9.999999999976694e-05
2025-06-09T13:27:07.062491,ADAUSDC,1,0.660809,1,0.0011849999999999916
2025-06-09T13:28:06.711568,ATOMUSDC,2,4.22306,-1,0.0
2025-06-09T13:28:06.720097,ADAUSDC,0,0.660825,1,0.0012010000000000076
2025-06-09T13:35:43.997426,ATOMUSDC,1,4.22892,1,0.0
2025-06-09T13:35:44.332777,ADAUSDC,0,0.662933,0,0.0
2025-06-09T13:36:43.865067,ATOMUSDC,2,4.22881,-1,0.0
2025-06-09T13:36:44.745803,ADAUSDC,1,0.662929,1,0.0
2025-06-09T13:37:44.937019,ATOMUSDC,1,4.2289,1,0.0
2025-06-09T13:37:45.754262,ADAUSDC,1,0.66311,1,0.00018099999999998673
2025-06-09T13:38:45.020832,ATOMUSDC,0,4.23578,1,0.006879999999999775
2025-06-09T13:38:45.420500,ADAUSDC,2,0.663715,-1,0.0
2025-06-09T13:39:45.358617,ATOMUSDC,1,4.23888,1,0.009979999999999656
2025-06-09T13:39:45.706858,ADAUSDC,2,0.663722,-1,-6.999999999979245e-06
2025-06-09T13:40:45.004502,ATOMUSDC,0,4.23916,1,0.010259999999999714
2025-06-09T13:40:45.015030,ADAUSDC,0,0.663747,-1,-3.199999999992098e-05
2025-06-09T13:41:44.210622,ATOMUSDC,0,4.23908,1,0.010180000000000078
2025-06-09T13:41:44.570196,ADAUSDC,2,0.663759,-1,-4.399999999993298e-05
2025-06-09T13:42:44.191511,ATOMUSDC,2,4.23908,-1,0.0
2025-06-09T13:42:44.207271,ADAUSDC,0,0.663753,-1,-3.799999999998249e-05
2025-06-09T13:43:43.388137,ATOMUSDC,0,4.23918,-1,-9.999999999976694e-05
2025-06-09T13:43:43.732474,ADAUSDC,2,0.663748,-1,-3.2999999999949736e-05
2025-06-09T13:44:42.902435,ATOMUSDC,0,4.23927,-1,-0.00018999999999991246
2025-06-09T13:44:43.635660,ADAUSDC,1,0.663757,1,0.0
2025-06-09T13:45:43.414103,ATOMUSDC,0,4.23924,-1,-0.00015999999999927184
2025-06-09T13:45:43.418580,ADAUSDC,0,0.663782,1,2.4999999999941735e-05
2025-06-09T13:46:42.584909,ATOMUSDC,0,4.2392,-1,-0.00011999999999989797
2025-06-09T13:46:42.591812,ADAUSDC,0,0.663776,1,1.8999999999991246e-05
2025-06-09T13:47:41.726115,ATOMUSDC,0,4.2391,-1,-1.9999999999242846e-05
2025-06-09T13:47:42.420222,ADAUSDC,1,0.663766,1,8.999999999925734e-06
2025-06-09T13:48:41.965753,ATOMUSDC,2,4.23924,-1,-0.00015999999999927184
2025-06-09T13:48:42.353686,ADAUSDC,2,0.663797,-1,0.0
2025-06-09T13:49:41.525760,ATOMUSDC,0,4.23886,-1,0.0002200000000005531
2025-06-09T13:49:42.225239,ADAUSDC,1,0.663808,1,0.0
2025-06-09T13:50:41.394606,ATOMUSDC,0,4.23876,-1,0.00032000000000032003
2025-06-09T13:50:41.404246,ADAUSDC,0,0.663807,1,-9.999999999177334e-07
2025-06-09T13:51:40.534441,ATOMUSDC,0,4.23582,-1,0.0032600000000000406
2025-06-09T13:51:40.547364,ADAUSDC,0,0.663777,1,-3.100000000000325e-05
2025-06-09T13:52:39.579785,ATOMUSDC,0,4.23582,-1,0.0032600000000000406
2025-06-09T13:52:39.940514,ADAUSDC,2,0.663594,-1,0.0
2025-06-09T13:53:39.700954,ATOMUSDC,0,4.23556,-1,0.0035199999999999676
2025-06-09T13:53:39.871017,ADAUSDC,1,0.663604,1,0.0
2025-06-09T13:54:39.617245,ATOMUSDC,0,4.23523,-1,0.0038500000000007972
2025-06-09T13:54:40.335836,ADAUSDC,1,0.663215,1,-0.0003889999999999727
2025-06-09T13:55:39.460902,ATOMUSDC,0,4.23441,-1,0.00467000000000084
2025-06-09T13:55:39.462553,ADAUSDC,0,0.663262,1,-0.00034199999999995345
2025-06-09T13:56:38.538177,ATOMUSDC,0,4.234,-1,0.0050800000000004175
2025-06-09T13:56:39.241064,ADAUSDC,1,0.663266,1,-0.00033799999999994945
2025-06-09T13:57:38.353764,ATOMUSDC,0,4.23323,-1,0.005850000000000577
2025-06-09T13:57:39.052841,ADAUSDC,1,0.663257,1,-0.0003469999999999862
2025-06-09T13:58:38.485188,ATOMUSDC,2,4.23338,-1,0.005700000000000038
2025-06-09T13:58:38.856239,ADAUSDC,2,0.663256,-1,0.0
2025-06-09T13:59:38.543763,ATOMUSDC,2,4.23345,-1,0.005630000000000024
2025-06-09T13:59:38.552200,ADAUSDC,0,0.663256,-1,0.0
2025-06-09T14:00:37.841909,ATOMUSDC,2,4.23332,-1,0.0057600000000004314
2025-06-09T14:00:38.581693,ADAUSDC,1,0.663317,1,0.0
2025-06-09T14:01:37.967728,ATOMUSDC,2,4.23329,-1,0.005790000000000184
2025-06-09T14:01:38.318108,ADAUSDC,2,0.663348,-1,0.0
2025-06-09T14:02:37.682373,ATOMUSDC,2,4.23322,-1,0.005860000000000198
2025-06-09T14:02:38.036971,ADAUSDC,2,0.663365,-1,-1.6999999999933735e-05
2025-06-09T14:03:38.190446,ATOMUSDC,2,4.23172,-1,0.007360000000000255
2025-06-09T14:03:38.932878,ADAUSDC,1,0.663392,1,0.0
2025-06-09T14:04:38.416444,ATOMUSDC,2,4.23176,-1,0.007319999999999993
2025-06-09T14:04:39.211772,ADAUSDC,1,0.663345,1,-4.700000000001925e-05
2025-06-09T14:05:38.577027,ATOMUSDC,2,4.23083,-1,0.008250000000000313
2025-06-09T14:05:38.961975,ADAUSDC,2,0.663322,-1,0.0
2025-06-09T14:06:38.026690,ATOMUSDC,0,4.22872,-1,0.010360000000000369
2025-06-09T14:06:38.385484,ADAUSDC,2,0.663334,-1,-1.2000000000012001e-05
2025-06-09T14:07:37.654589,ATOMUSDC,2,4.22757,-1,0.011510000000000353
2025-06-09T14:07:38.391089,ADAUSDC,1,0.662069,1,0.0
2025-06-09T14:08:37.785792,ATOMUSDC,2,4.22666,-1,0.012420000000000542
2025-06-09T14:08:38.207327,ADAUSDC,2,0.66207,-1,0.0
2025-06-09T14:09:31.176945,MXEUR,2,2.3598,-1,0.0
2025-06-09T14:09:31.867128,DOGEEUR,2,0.15826,-1,0.0
2025-06-09T14:09:32.217186,PEPEEUR,0,1.0015e-05,0,0.0
2025-06-09T14:10:29.788783,DOGEEUR,0,0.15848,0,0.0
2025-06-09T14:10:29.454902,PEPEEUR,0,1.0025e-05,0,0.0
2025-06-09T14:11:35.058645,DOGEEUR,2,0.15826,-1,0.0
2025-06-09T14:11:35.418678,PEPEEUR,0,1.0023e-05,0,0.0
2025-06-09T14:12:35.504927,DOGEEUR,2,0.15836,-1,-9.999999999998899e-05
2025-06-09T14:12:35.687125,PEPEEUR,1,1.0037e-05,1,0.0
2025-06-09T14:13:35.676717,DOGEEUR,2,0.15843,-1,-0.00016999999999997573
2025-06-09T14:13:35.680375,PEPEEUR,0,1.0029e-05,1,-8.000000000000601e-09
2025-06-09T14:14:35.483099,DOGEEUR,1,0.15845,1,0.0
2025-06-09T14:14:36.220582,PEPEEUR,2,1.0025e-05,-1,0.0
2025-06-09T14:15:35.978231,DOGEEUR,2,0.15847,-1,0.0
2025-06-09T14:15:36.329137,PEPEEUR,2,1.0025e-05,-1,0.0
2025-06-09T14:16:36.054144,DOGEEUR,1,0.15851,1,0.0
2025-06-09T14:16:36.407052,PEPEEUR,2,1.0031e-05,-1,-5.999999999999604e-09
2025-06-09T14:17:35.313067,DOGEEUR,0,0.15865,1,0.00014000000000000123
2025-06-09T14:17:36.042464,PEPEEUR,1,1.0052e-05,1,0.0
2025-06-09T14:18:36.140078,DOGEEUR,2,0.15848,-1,0.0
2025-06-09T14:18:36.858464,PEPEEUR,2,1.0047e-05,-1,0.0
2025-06-09T14:19:36.499080,DOGEEUR,1,0.1588,1,0.0
2025-06-09T14:19:36.858997,PEPEEUR,2,1.0057e-05,-1,-9.999999999999904e-09
2025-06-09T14:20:36.395705,DOGEEUR,2,0.15865,-1,0.0
2025-06-09T14:20:37.082363,PEPEEUR,1,1.0044e-05,1,0.0
2025-06-09T14:21:35.994742,DOGEEUR,0,0.1587,-1,-4.999999999999449e-05
2025-06-09T14:21:36.002128,PEPEEUR,0,1.0047e-05,1,2.999999999999802e-09
2025-06-09T14:22:34.887183,DOGEEUR,0,0.15867,-1,-1.9999999999992246e-05
2025-06-09T14:22:35.603700,PEPEEUR,2,1.0057e-05,-1,0.0
2025-06-09T14:23:35.960015,DOGEEUR,1,0.15872,1,0.0
2025-06-09T14:23:35.974722,PEPEEUR,0,1.0046e-05,-1,1.1000000000000403e-08
2025-06-09T14:24:35.208455,DOGEEUR,1,0.15888,1,0.00015999999999999348
2025-06-09T14:24:35.578862,PEPEEUR,2,1.0054e-05,-1,2.999999999999802e-09
2025-06-09T14:25:35.155303,DOGEEUR,2,0.15871,-1,0.0
2025-06-09T14:25:35.511332,PEPEEUR,2,1.0054e-05,-1,2.999999999999802e-09
2025-06-09T14:26:34.658094,DOGEEUR,2,0.15859,-1,0.00011999999999998123
2025-06-09T14:26:35.003642,PEPEEUR,2,1.0054e-05,-1,2.999999999999802e-09
2025-06-09T14:27:34.630146,DOGEEUR,1,0.15876,1,0.0
2025-06-09T14:27:35.347470,PEPEEUR,1,1.0064e-05,1,0.0
2025-06-09T14:51:11.037298,DOGEEUR,2,0.15876,-1,0.0
2025-06-09T14:51:12.227418,PEPEEUR,2,1.0059e-05,-1,0.0
2025-06-09T14:52:12.006501,DOGEEUR,1,0.15879,1,0.0
2025-06-09T14:52:12.728088,PEPEEUR,1,1.0052e-05,1,0.0
2025-06-09T14:53:11.614936,DOGEEUR,0,0.15876,1,-2.999999999997449e-05
2025-06-09T14:53:11.628572,PEPEEUR,0,1.006e-05,1,8.000000000000601e-09
2025-06-09T14:54:10.450357,DOGEEUR,0,0.15894,1,0.00015000000000001124
2025-06-09T14:54:10.800506,PEPEEUR,1,1.0049e-05,1,-2.999999999999802e-09
2025-06-09T14:55:10.017307,DOGEEUR,1,0.15896,1,0.00017000000000000348
2025-06-09T14:55:10.355786,PEPEEUR,1,1.005e-05,1,-1.9999999999993032e-09
2025-06-09T14:56:09.895549,DOGEEUR,2,0.15886,-1,0.0
2025-06-09T14:56:10.238221,PEPEEUR,1,1.0049e-05,1,-2.999999999999802e-09
2025-06-09T14:57:10.510037,DOGEEUR,1,0.159,1,0.0
2025-06-09T14:57:10.017438,PEPEEUR,1,1.0046e-05,1,-5.999999999999604e-09
2025-06-09T14:58:10.413530,DOGEEUR,2,0.15883,-1,0.0
2025-06-09T14:58:10.761198,PEPEEUR,1,1.0055e-05,1,2.999999999999802e-09
2025-06-09T14:59:09.650992,DOGEEUR,2,0.15877,-1,6.0000000000004494e-05
2025-06-09T14:59:10.025779,PEPEEUR,1,1.0062e-05,1,9.999999999999904e-09
2025-06-09T15:00:09.117353,DOGEEUR,2,0.1588,-1,3.0000000000002247e-05
2025-06-09T15:00:09.476216,PEPEEUR,1,1.0062e-05,1,9.999999999999904e-09
2025-06-09T15:01:08.558162,DOGEEUR,2,0.1588,-1,3.0000000000002247e-05
2025-06-09T15:01:08.917078,PEPEEUR,1,1.0056e-05,1,4.0000000000003005e-09
2025-06-09T15:02:08.077964,DOGEEUR,2,0.15887,-1,-4.000000000001225e-05
2025-06-09T15:02:08.416920,PEPEEUR,1,1.0081e-05,1,2.9000000000000908e-08
2025-06-09T15:03:07.731228,DOGEEUR,1,0.15896,1,0.0
2025-06-09T15:03:08.073587,PEPEEUR,1,1.0061e-05,1,9.0000000000011e-09
2025-06-09T15:04:07.093654,DOGEEUR,1,0.15883,1,-0.00012999999999999123
2025-06-09T15:04:07.475702,PEPEEUR,1,1.0057e-05,1,5.000000000000799e-09
2025-06-09T15:05:05.891597,DOGEEUR,0,0.15879,1,-0.00017000000000000348
2025-06-09T15:05:05.909288,PEPEEUR,0,1.0054e-05,1,2.0000000000009973e-09
2025-06-09T15:06:05.509242,DOGEEUR,2,0.15862,-1,0.0
2025-06-09T15:06:06.219728,PEPEEUR,2,1.0033e-05,-1,0.0
2025-06-09T15:07:06.146030,DOGEEUR,2,0.15854,-1,8.00000000000245e-05
2025-06-09T15:07:06.153969,PEPEEUR,0,1.004e-05,-1,-7.000000000000102e-09
2025-06-09T15:08:04.901782,DOGEEUR,0,0.15848,-1,0.00014000000000000123
2025-06-09T15:08:05.263146,PEPEEUR,2,1.0026e-05,-1,7.000000000000102e-09
2025-06-09T15:09:04.050710,DOGEEUR,0,0.15865,-1,-3.0000000000002247e-05
2025-06-09T15:09:04.756115,PEPEEUR,1,1.0041e-05,1,0.0
2025-06-09T15:10:03.185071,DOGEEUR,0,0.1584,-1,0.00021999999999999797
2025-06-09T15:10:03.906729,PEPEEUR,2,1.0038e-05,-1,0.0
2025-06-09T15:11:02.920462,DOGEEUR,1,0.15852,1,0.0
2025-06-09T15:11:02.927732,PEPEEUR,0,1.0027e-05,-1,1.0999999999998709e-08
2025-06-09T15:12:02.477391,DOGEEUR,0,0.15845,1,-6.999999999998674e-05
2025-06-09T15:12:03.182866,PEPEEUR,1,1.0016e-05,1,0.0
2025-06-09T15:13:02.595487,DOGEEUR,2,0.1585,-1,0.0
2025-06-09T15:13:02.951737,PEPEEUR,1,1.0025e-05,1,8.999999999999406e-09
2025-06-09T15:14:02.339947,DOGEEUR,1,0.15869,1,0.0
2025-06-09T15:14:02.690772,PEPEEUR,1,1.0035e-05,1,1.899999999999931e-08
2025-06-09T15:15:01.845689,DOGEEUR,2,0.15852,-1,0.0
2025-06-09T15:15:02.545867,PEPEEUR,2,1.0031e-05,-1,0.0
2025-06-09T15:16:01.138127,DOGEEUR,0,0.15846,-1,6.0000000000004494e-05
2025-06-09T15:16:01.492720,PEPEEUR,2,1.0022e-05,-1,8.999999999999406e-09
2025-06-09T15:17:00.775904,DOGEEUR,1,0.1584,1,0.0
2025-06-09T15:17:01.120760,PEPEEUR,2,1.0009e-05,-1,2.1999999999999112e-08
2025-06-09T15:18:00.105519,DOGEEUR,1,0.15822,1,-0.00018000000000001348
2025-06-09T15:18:00.439798,PEPEEUR,2,1.0021e-05,-1,9.999999999999904e-09
2025-06-09T15:18:59.153055,DOGEEUR,1,0.15844,1,3.999999999998449e-05
2025-06-09T15:18:59.911805,PEPEEUR,1,1.0035e-05,1,0.0
2025-06-09T15:19:58.413853,DOGEEUR,0,0.15857,1,0.00016999999999997573
2025-06-09T15:19:58.795699,PEPEEUR,1,1.0036e-05,1,1.0000000000004986e-09
2025-06-09T15:20:58.215841,DOGEEUR,2,0.15871,-1,0.0
2025-06-09T15:20:58.613227,PEPEEUR,1,1.0045e-05,1,9.999999999999904e-09
2025-06-09T15:21:58.101742,DOGEEUR,0,0.15899,-1,-0.00028000000000000247
2025-06-09T15:21:58.457126,PEPEEUR,1,1.0056e-05,1,2.1000000000000307e-08
2025-06-09T15:22:56.983652,DOGEEUR,0,0.159,-1,-0.00029000000000001247
2025-06-09T15:22:56.993140,PEPEEUR,0,1.0064e-05,1,2.9000000000000908e-08
2025-06-09T15:23:55.717279,DOGEEUR,2,0.15895,-1,-0.00024000000000001798
2025-06-09T15:23:55.723323,PEPEEUR,0,1.0069e-05,1,3.400000000000001e-08
2025-06-09T15:24:54.273365,DOGEEUR,0,0.15898,-1,-0.0002700000000000202
2025-06-09T15:24:54.633127,PEPEEUR,1,1.0073e-05,1,3.8000000000000314e-08
2025-06-09T15:25:54.350922,DOGEEUR,1,0.15887,1,0.0
2025-06-09T15:25:54.356977,PEPEEUR,0,1.0054e-05,1,1.9000000000001004e-08
2025-06-09T15:26:53.552532,DOGEEUR,2,0.15886,-1,0.0
2025-06-09T15:26:54.275645,PEPEEUR,2,1.007e-05,-1,0.0
2025-06-09T15:27:53.024435,DOGEEUR,2,0.15894,-1,-7.999999999999674e-05
2025-06-09T15:27:53.031596,PEPEEUR,0,1.006e-05,-1,9.999999999999904e-09
2025-06-09T15:28:52.236394,DOGEEUR,1,0.15911,1,0.0
2025-06-09T15:28:52.586377,PEPEEUR,2,1.0065e-05,-1,5.000000000000799e-09
2025-06-09T15:29:51.753335,DOGEEUR,2,0.15895,-1,0.0
2025-06-09T15:29:51.759419,PEPEEUR,0,1.0069e-05,-1,1.0000000000004986e-09
2025-06-09T15:30:51.170964,DOGEEUR,0,0.1589,-1,4.999999999999449e-05
2025-06-09T15:30:51.530855,PEPEEUR,2,1.0052e-05,-1,1.8000000000000505e-08
2025-06-09T15:31:50.021141,DOGEEUR,0,0.1587,-1,0.0002500000000000002
2025-06-09T15:31:50.368779,PEPEEUR,2,1.0047e-05,-1,2.299999999999961e-08
2025-06-09T15:32:49.075885,DOGEEUR,2,0.15895,-1,0.0
2025-06-09T15:32:49.807278,PEPEEUR,1,1.0075e-05,1,0.0
2025-06-09T15:33:48.652042,DOGEEUR,2,0.15917,-1,-0.00021999999999999797
2025-06-09T15:33:49.374951,PEPEEUR,2,1.0081e-05,-1,0.0
2025-06-09T15:34:48.592556,DOGEEUR,1,0.15915,1,0.0
2025-06-09T15:34:48.606437,PEPEEUR,0,1.0079e-05,-1,2.0000000000009973e-09
2025-06-09T15:35:47.290357,DOGEEUR,1,0.15926,1,0.00010999999999999899
2025-06-09T15:35:47.678890,PEPEEUR,2,1.0069e-05,-1,1.2000000000000902e-08
2025-06-09T15:36:46.459108,DOGEEUR,1,0.15902,1,-0.000130000000000019
2025-06-09T15:36:46.814240,PEPEEUR,2,1.0072e-05,-1,9.0000000000011e-09
2025-06-09T15:37:45.563632,DOGEEUR,1,0.15935,1,0.00019999999999997797
2025-06-09T15:37:45.575582,PEPEEUR,0,1.0092e-05,-1,-1.0999999999998709e-08
2025-06-09T15:38:43.956342,DOGEEUR,0,0.1592,1,4.999999999999449e-05
2025-06-09T15:38:44.310283,PEPEEUR,2,1.0081e-05,-1,0.0
2025-06-09T15:39:42.646479,DOGEEUR,0,0.15949,1,0.0003399999999999792
2025-06-09T15:39:42.998058,PEPEEUR,2,1.0099e-05,-1,-1.799999999999881e-08
2025-06-09T15:40:43.360766,DOGEEUR,2,0.15948,-1,0.0
2025-06-09T15:40:43.369805,PEPEEUR,0,1.011e-05,-1,-2.8999999999999214e-08
2025-06-09T15:41:41.753749,DOGEEUR,0,0.15927,-1,0.00021000000000001573
2025-06-09T15:41:42.115090,PEPEEUR,2,1.0102e-05,-1,-2.0999999999998613e-08
2025-06-09T15:42:40.441764,DOGEEUR,0,0.15957,-1,-8.999999999997899e-05
2025-06-09T15:42:40.792019,PEPEEUR,2,1.0113e-05,-1,-3.1999999999999016e-08
2025-06-09T15:43:39.891392,DOGEEUR,1,0.1596,1,0.0
2025-06-09T15:43:40.585745,PEPEEUR,1,1.0125e-05,1,0.0
2025-06-09T15:44:39.270722,DOGEEUR,1,0.15963,1,3.0000000000002247e-05
2025-06-09T15:44:40.108497,PEPEEUR,1,1.011e-05,1,-1.5000000000000703e-08
2025-06-09T15:45:39.184215,DOGEEUR,2,0.1593,-1,0.0
2025-06-09T15:45:39.582490,PEPEEUR,1,1.0108e-05,1,-1.7000000000000007e-08
2025-06-09T15:46:37.919582,DOGEEUR,0,0.15927,-1,3.0000000000002247e-05
2025-06-09T15:46:37.929619,PEPEEUR,0,1.009e-05,1,-3.500000000000051e-08
2025-06-09T15:47:36.989632,DOGEEUR,1,0.15944,1,0.0
2025-06-09T15:47:37.348648,PEPEEUR,1,1.0079e-05,1,-4.6000000000000915e-08
2025-06-09T15:48:35.892981,DOGEEUR,1,0.15938,1,-6.0000000000004494e-05
2025-06-09T15:48:36.250297,PEPEEUR,1,1.0077e-05,1,-4.800000000000022e-08
2025-06-09T15:49:35.911557,DOGEEUR,1,0.1591,1,-0.00034000000000000696
2025-06-09T15:49:36.252307,PEPEEUR,1,1.0083e-05,1,-4.2000000000000614e-08
2025-06-09T15:50:34.956062,DOGEEUR,1,0.15919,1,-0.0002500000000000002
2025-06-09T15:50:35.676607,PEPEEUR,2,1.0081e-05,-1,0.0
2025-06-09T15:51:34.720954,DOGEEUR,2,0.15923,-1,0.0
2025-06-09T15:51:35.464168,PEPEEUR,1,1.0076e-05,1,0.0
2025-06-09T15:52:34.162391,DOGEEUR,1,0.15933,1,0.0
2025-06-09T15:52:34.503480,PEPEEUR,1,1.0066e-05,1,-9.999999999999904e-09
2025-06-09T15:53:32.771791,DOGEEUR,0,0.15934,1,1.0000000000010001e-05
2025-06-09T15:53:33.132524,PEPEEUR,1,1.0079e-05,1,2.999999999999802e-09
2025-06-09T15:54:31.828811,DOGEEUR,0,0.15926,1,-6.999999999998674e-05
2025-06-09T15:54:32.187481,PEPEEUR,1,1.007e-05,1,-5.999999999999604e-09
2025-06-09T15:55:31.063331,DOGEEUR,2,0.1593,-1,0.0
2025-06-09T15:55:31.425765,PEPEEUR,1,1.0071e-05,1,-4.999999999999105e-09
2025-06-09T15:56:29.936841,DOGEEUR,2,0.1592,-1,9.999999999998899e-05
2025-06-09T15:56:30.279791,PEPEEUR,1,1.0073e-05,1,-2.999999999999802e-09
2025-06-09T15:57:28.891963,DOGEEUR,2,0.15956,-1,-0.0002600000000000102
2025-06-09T15:57:29.604535,PEPEEUR,2,1.0086e-05,-1,0.0
2025-06-09T15:58:28.465945,DOGEEUR,1,0.15936,1,0.0
2025-06-09T15:58:29.178997,PEPEEUR,1,1.0095e-05,1,0.0
2025-06-09T15:59:27.348822,DOGEEUR,0,0.15959,1,0.00023000000000000798
2025-06-09T15:59:27.701182,PEPEEUR,1,1.0101e-05,1,5.999999999999604e-09
2025-06-09T16:00:27.672335,DOGEEUR,2,0.15943,-1,0.0
2025-06-09T16:00:28.360559,PEPEEUR,2,1.0103e-05,-1,0.0
2025-06-09T16:01:26.515608,DOGEEUR,0,0.15935,-1,7.999999999999674e-05
2025-06-09T16:01:26.874180,PEPEEUR,2,1.0094e-05,-1,8.999999999999406e-09
2025-06-09T16:02:25.406656,DOGEEUR,0,0.15935,-1,7.999999999999674e-05
2025-06-09T16:02:25.788773,PEPEEUR,2,1.0071e-05,-1,3.1999999999999016e-08
2025-06-09T16:03:23.910289,DOGEEUR,0,0.1592,-1,0.00022999999999998022
2025-06-09T16:03:24.261091,PEPEEUR,2,1.0076e-05,-1,2.699999999999991e-08
2025-06-09T16:04:22.407784,DOGEEUR,0,0.15914,-1,0.0002899999999999847
2025-06-09T16:04:23.139588,PEPEEUR,1,1.006e-05,1,0.0
2025-06-09T16:05:21.634878,DOGEEUR,2,0.15929,-1,0.00014000000000000123
2025-06-09T16:05:21.996937,PEPEEUR,1,1.0081e-05,1,2.1000000000000307e-08
2025-06-09T16:06:20.066523,DOGEEUR,0,0.1592,-1,0.00022999999999998022
2025-06-09T16:06:20.776048,PEPEEUR,2,1.0075e-05,-1,0.0
2025-06-09T16:07:19.697787,DOGEEUR,1,0.15921,1,0.0
2025-06-09T16:07:20.046966,PEPEEUR,2,1.0064e-05,-1,1.0999999999998709e-08
2025-06-09T16:08:21.714043,DOGEEUR,1,0.15924,1,3.0000000000002247e-05
2025-06-09T16:08:22.446058,PEPEEUR,1,1.0086e-05,1,0.0
2025-06-09T16:09:20.865959,DOGEEUR,1,0.15927,1,6.0000000000004494e-05
2025-06-09T16:09:21.226894,PEPEEUR,1,1.0087e-05,1,1.0000000000004986e-09
2025-06-09T16:10:20.849593,DOGEEUR,1,0.15955,1,0.00034000000000000696
2025-06-09T16:10:21.575579,PEPEEUR,2,1.0114e-05,-1,0.0
2025-06-09T16:11:20.010111,DOGEEUR,1,0.15958,1,0.0003700000000000092
2025-06-09T16:11:20.742581,PEPEEUR,1,1.0108e-05,1,0.0
2025-06-09T16:12:18.791668,DOGEEUR,0,0.15981,1,0.0006000000000000172
2025-06-09T16:12:19.494011,PEPEEUR,2,1.013e-05,-1,0.0
2025-06-09T16:13:18.302572,DOGEEUR,2,0.15991,-1,0.0
2025-06-09T16:13:19.006715,PEPEEUR,1,1.0123e-05,1,0.0
2025-06-09T16:14:17.121942,DOGEEUR,0,0.15999,-1,-7.999999999999674e-05
2025-06-09T16:14:17.131410,PEPEEUR,0,1.0153e-05,1,2.999999999999971e-08
2025-06-09T16:15:15.256509,DOGEEUR,0,0.16006,-1,-0.00015000000000001124
2025-06-09T16:15:15.631164,PEPEEUR,1,1.0152e-05,1,2.9000000000000908e-08
2025-06-09T16:16:14.230703,DOGEEUR,1,0.16004,1,0.0
2025-06-09T16:16:15.318463,PEPEEUR,2,1.0134e-05,-1,0.0
2025-06-09T16:17:14.092171,DOGEEUR,2,0.16014,-1,0.0
2025-06-09T16:17:14.806149,PEPEEUR,1,1.0141e-05,1,0.0
2025-06-09T16:18:13.221467,DOGEEUR,2,0.16011,-1,3.0000000000002247e-05
2025-06-09T16:18:13.992032,PEPEEUR,2,1.0149e-05,-1,0.0
2025-06-09T16:19:12.766991,DOGEEUR,1,0.16041,1,0.0
2025-06-09T16:19:13.143931,PEPEEUR,2,1.0166e-05,-1,-1.7000000000000007e-08
2025-06-09T16:20:11.609948,DOGEEUR,1,0.16029,1,-0.00012000000000000899
2025-06-09T16:20:11.961885,PEPEEUR,2,1.0169e-05,-1,-1.999999999999981e-08
2025-06-09T16:21:11.144424,DOGEEUR,0,0.16017,1,-0.00023999999999999022
2025-06-09T16:21:11.495409,PEPEEUR,2,1.0164e-05,-1,-1.499999999999901e-08
2025-06-09T16:22:09.482655,DOGEEUR,0,0.16049,1,7.999999999999674e-05
2025-06-09T16:22:10.204483,PEPEEUR,1,1.0168e-05,1,0.0
2025-06-09T16:23:08.152511,DOGEEUR,0,0.16076,1,0.0003499999999999892
2025-06-09T16:23:08.162050,PEPEEUR,0,1.0196e-05,1,2.800000000000041e-08
2025-06-09T16:24:07.064692,DOGEEUR,1,0.16079,1,0.00037999999999999146
2025-06-09T16:24:07.884592,PEPEEUR,1,1.0219e-05,1,5.100000000000002e-08
2025-06-09T16:25:06.264190,DOGEEUR,1,0.16129,1,0.0008799999999999919
2025-06-09T16:25:06.987915,PEPEEUR,2,1.024e-05,-1,0.0
2025-06-09T16:26:05.256530,DOGEEUR,1,0.16129,1,0.0008799999999999919
2025-06-09T16:26:05.995451,PEPEEUR,1,1.024e-05,1,0.0
2025-06-09T16:27:04.331373,DOGEEUR,1,0.16161,1,0.0012000000000000066
2025-06-09T16:27:04.676791,PEPEEUR,1,1.0255e-05,1,1.499999999999901e-08
2025-06-09T16:28:02.653536,DOGEEUR,0,0.16192,1,0.0015100000000000113
2025-06-09T16:28:02.663583,PEPEEUR,0,1.0272e-05,1,3.1999999999999016e-08
2025-06-09T16:29:00.591849,DOGEEUR,0,0.16174,1,0.0013299999999999979
2025-06-09T16:29:01.299309,PEPEEUR,2,1.028e-05,-1,0.0
2025-06-09T16:30:00.887455,DOGEEUR,1,0.16212,1,0.0017099999999999893
2025-06-09T16:30:00.894922,PEPEEUR,0,1.0319e-05,-1,-3.900000000000081e-08
2025-06-09T16:30:59.247472,DOGEEUR,1,0.16251,1,0.0020999999999999908
2025-06-09T16:30:59.599222,PEPEEUR,2,1.0354e-05,-1,-7.399999999999963e-08
2025-06-09T16:31:57.883820,DOGEEUR,1,0.16213,1,0.0017199999999999993
2025-06-09T16:31:58.611731,PEPEEUR,1,1.0353e-05,1,0.0
2025-06-09T16:32:56.932833,DOGEEUR,1,0.16195,1,0.0015400000000000136
2025-06-09T16:32:57.320266,PEPEEUR,1,1.0308e-05,1,-4.5000000000000416e-08
2025-06-09T16:33:55.273712,DOGEEUR,0,0.16188,1,0.001469999999999999
2025-06-09T16:33:55.978196,PEPEEUR,2,1.03e-05,-1,0.0
2025-06-09T16:34:53.908509,DOGEEUR,0,0.16198,1,0.0015700000000000158
2025-06-09T16:34:54.640654,PEPEEUR,1,1.0308e-05,1,0.0
2025-06-09T16:35:52.941994,DOGEEUR,1,0.16201,1,0.0015999999999999903
2025-06-09T16:35:53.424158,PEPEEUR,1,1.0325e-05,1,1.7000000000000007e-08
2025-06-09T16:36:51.358015,DOGEEUR,0,0.16206,1,0.0016500000000000126
2025-06-09T16:36:51.712386,PEPEEUR,1,1.0313e-05,1,4.999999999999105e-09
2025-06-09T16:37:49.636725,DOGEEUR,0,0.16182,1,0.0014099999999999946
2025-06-09T16:37:50.019428,PEPEEUR,1,1.0278e-05,1,-2.999999999999971e-08
2025-06-09T16:38:48.241291,DOGEEUR,1,0.16176,1,0.00134999999999999
2025-06-09T16:38:48.598182,PEPEEUR,1,1.0272e-05,1,-3.600000000000101e-08
2025-06-09T16:39:48.230829,DOGEEUR,0,0.16165,1,0.0012399999999999911
2025-06-09T16:39:48.586620,PEPEEUR,1,1.0302e-05,1,-5.999999999999604e-09
2025-06-09T16:40:46.864330,DOGEEUR,1,0.16167,1,0.0012600000000000111
2025-06-09T16:40:47.257173,PEPEEUR,1,1.0284e-05,1,-2.400000000000011e-08
2025-06-09T16:41:45.486544,DOGEEUR,1,0.16143,1,0.0010199999999999931
2025-06-09T16:41:45.857975,PEPEEUR,1,1.0282e-05,1,-2.5999999999999412e-08
2025-06-09T16:42:44.109465,DOGEEUR,1,0.16145,1,0.0010400000000000131
2025-06-09T16:42:44.827209,PEPEEUR,2,1.0256e-05,-1,0.0
2025-06-09T16:43:42.985012,DOGEEUR,1,0.16143,1,0.0010199999999999931
2025-06-09T16:43:43.355587,PEPEEUR,2,1.0266e-05,-1,-9.999999999999904e-09
2025-06-09T16:44:41.509551,DOGEEUR,1,0.16147,1,0.0010600000000000054
2025-06-09T16:44:41.863598,PEPEEUR,2,1.0282e-05,-1,-2.6000000000001106e-08
2025-06-09T16:45:40.084705,DOGEEUR,1,0.16142,1,0.0010100000000000109
2025-06-09T16:45:40.821873,PEPEEUR,1,1.028e-05,1,0.0
2025-06-09T16:46:39.065356,DOGEEUR,1,0.16119,1,0.0007800000000000029
2025-06-09T16:46:39.407184,PEPEEUR,1,1.0282e-05,1,2.0000000000009973e-09
2025-06-09T16:47:37.584349,DOGEEUR,1,0.1609,1,0.0004899999999999904
2025-06-09T16:47:37.940847,PEPEEUR,1,1.0286e-05,1,5.999999999999604e-09
2025-06-09T16:48:37.406500,DOGEEUR,0,0.161,1,0.0005900000000000072
2025-06-09T16:48:37.770576,PEPEEUR,1,1.0286e-05,1,5.999999999999604e-09
2025-06-09T16:49:36.415431,DOGEEUR,2,0.16117,-1,0.0
2025-06-09T16:49:36.424616,PEPEEUR,0,1.0316e-05,1,3.600000000000101e-08
2025-06-09T16:50:34.096098,DOGEEUR,0,0.16114,-1,3.0000000000002247e-05
2025-06-09T16:50:34.482610,PEPEEUR,1,1.0298e-05,1,1.8000000000000505e-08
2025-06-09T16:51:32.383213,DOGEEUR,0,0.16133,-1,-0.00015999999999999348
2025-06-09T16:51:33.111150,PEPEEUR,2,1.0317e-05,-1,0.0
2025-06-09T16:52:31.657197,DOGEEUR,1,0.16112,1,0.0
2025-06-09T16:52:32.009107,PEPEEUR,2,1.0281e-05,-1,3.5999999999999317e-08
2025-06-09T16:53:29.706581,DOGEEUR,0,0.16102,1,-0.00010000000000001674
2025-06-09T16:53:30.043561,PEPEEUR,2,1.0289e-05,-1,2.800000000000041e-08
2025-06-09T16:54:27.844919,DOGEEUR,0,0.16133,1,0.00020999999999998797
2025-06-09T16:54:28.567670,PEPEEUR,1,1.0333e-05,1,0.0
2025-06-09T16:55:27.114900,DOGEEUR,2,0.1613,-1,0.0
2025-06-09T16:55:27.484328,PEPEEUR,1,1.0323e-05,1,-9.999999999999904e-09
2025-06-09T16:56:25.532132,DOGEEUR,2,0.16159,-1,-0.00029000000000001247
2025-06-09T16:56:25.892299,PEPEEUR,1,1.0332e-05,1,-9.999999999988046e-10
2025-06-09T16:57:24.436168,DOGEEUR,1,0.162,1,0.0
2025-06-09T16:57:24.785588,PEPEEUR,1,1.0349e-05,1,1.6000000000001202e-08
2025-06-09T16:58:24.602840,DOGEEUR,2,0.16222,-1,0.0
2025-06-09T16:58:25.343465,PEPEEUR,2,1.0373e-05,-1,0.0
2025-06-09T16:59:23.426377,DOGEEUR,2,0.16249,-1,-0.00026999999999999247
2025-06-09T16:59:23.788757,PEPEEUR,2,1.0428e-05,-1,-5.500000000000032e-08
2025-06-09T17:00:22.782331,DOGEEUR,1,0.16227,1,0.0
2025-06-09T17:00:23.503979,PEPEEUR,1,1.0431e-05,1,0.0
2025-06-09T17:01:21.635480,DOGEEUR,1,0.16256,1,0.00029000000000001247
2025-06-09T17:01:21.641619,PEPEEUR,0,1.0429e-05,1,-2.0000000000009973e-09
2025-06-09T17:02:19.675323,DOGEEUR,1,0.16236,1,9.000000000000674e-05
2025-06-09T17:02:20.381643,PEPEEUR,2,1.0428e-05,-1,0.0
2025-06-09T17:03:18.482870,DOGEEUR,1,0.1622,1,-6.999999999998674e-05
2025-06-09T17:03:18.854030,PEPEEUR,2,1.0412e-05,-1,1.6000000000001202e-08
2025-06-09T17:04:17.291124,DOGEEUR,2,0.16239,-1,0.0
2025-06-09T17:04:17.641726,PEPEEUR,2,1.0455e-05,-1,-2.699999999999991e-08
2025-06-09T17:05:15.681381,DOGEEUR,2,0.16214,-1,0.0002500000000000002
2025-06-09T17:05:16.413521,PEPEEUR,1,1.0418e-05,1,0.0
2025-06-09T17:06:14.491730,DOGEEUR,2,0.16206,-1,0.00032999999999999696
2025-06-09T17:06:14.872795,PEPEEUR,1,1.0447e-05,1,2.9000000000000908e-08
2025-06-09T17:07:13.255040,DOGEEUR,1,0.16217,1,0.0
2025-06-09T17:07:13.267263,PEPEEUR,0,1.043e-05,1,1.2000000000000902e-08
2025-06-09T17:08:11.701508,DOGEEUR,2,0.1625,-1,0.0
2025-06-09T17:08:11.711496,PEPEEUR,0,1.0449e-05,1,3.100000000000021e-08
2025-06-09T17:09:11.121343,DOGEEUR,2,0.16246,-1,4.000000000001225e-05
2025-06-09T17:09:11.491505,PEPEEUR,1,1.043e-05,1,1.2000000000000902e-08
2025-06-09T17:10:09.872145,DOGEEUR,1,0.16229,1,0.0
2025-06-09T17:10:10.336901,PEPEEUR,1,1.0428e-05,1,1.0000000000001598e-08
2025-06-09T17:11:08.042533,DOGEEUR,0,0.16231,1,2.0000000000020002e-05
2025-06-09T17:11:08.388863,PEPEEUR,1,1.0417e-05,1,-9.999999999988046e-10
2025-06-09T17:12:06.256145,DOGEEUR,0,0.16237,1,7.999999999999674e-05
2025-06-09T17:12:06.263509,PEPEEUR,0,1.0413e-05,1,-4.999999999999105e-09
2025-06-09T17:13:04.270802,DOGEEUR,1,0.16243,1,0.00014000000000000123
2025-06-09T17:13:05.042120,PEPEEUR,2,1.0405e-05,-1,0.0
2025-06-09T17:14:03.063052,DOGEEUR,1,0.1626,1,0.0003100000000000047
2025-06-09T17:14:03.768666,PEPEEUR,1,1.0457e-05,1,0.0
2025-06-09T17:15:02.082590,DOGEEUR,2,0.16256,-1,0.0
2025-06-09T17:15:02.796246,PEPEEUR,2,1.0456e-05,-1,0.0
2025-06-09T17:16:01.765475,DOGEEUR,1,0.16265,1,0.0
2025-06-09T17:16:02.970769,PEPEEUR,1,1.0452e-05,1,0.0
2025-06-09T17:17:01.797689,DOGEEUR,2,0.16288,-1,0.0
2025-06-09T17:17:02.525714,PEPEEUR,2,1.0482e-05,-1,0.0
2025-06-09T17:18:00.023623,DOGEEUR,0,0.16267,-1,0.00020999999999998797
2025-06-09T17:18:00.033301,PEPEEUR,0,1.0448e-05,-1,3.400000000000001e-08
2025-06-09T17:18:59.131199,DOGEEUR,0,0.16274,-1,0.00014000000000000123
2025-06-09T17:18:59.140715,PEPEEUR,0,1.046e-05,-1,2.2000000000000806e-08
2025-06-09T17:19:56.652550,DOGEEUR,0,0.16284,-1,3.999999999998449e-05
2025-06-09T17:19:56.662386,PEPEEUR,0,1.046e-05,-1,2.2000000000000806e-08
2025-06-09T17:20:54.330159,DOGEEUR,0,0.16268,-1,0.00020000000000000573
2025-06-09T17:20:54.701202,PEPEEUR,2,1.0461e-05,-1,2.1000000000000307e-08
2025-06-09T17:21:53.203044,DOGEEUR,2,0.16278,-1,9.999999999998899e-05
2025-06-09T17:21:53.565735,PEPEEUR,2,1.0473e-05,-1,9.0000000000011e-09
2025-06-09T17:22:51.356149,DOGEEUR,2,0.16278,-1,9.999999999998899e-05
2025-06-09T17:22:51.363935,PEPEEUR,0,1.0456e-05,-1,2.6000000000001106e-08
2025-06-09T17:23:49.348957,DOGEEUR,2,0.16263,-1,0.0002500000000000002
2025-06-09T17:23:49.709058,PEPEEUR,2,1.0456e-05,-1,2.6000000000001106e-08
2025-06-09T17:24:47.926859,DOGEEUR,1,0.16276,1,0.0
2025-06-09T17:24:48.645087,PEPEEUR,1,1.0437e-05,1,0.0
2025-06-09T17:25:46.971545,DOGEEUR,2,0.16303,-1,0.0
2025-06-09T17:25:47.730524,PEPEEUR,2,1.0469e-05,-1,0.0
2025-06-09T17:26:45.844464,DOGEEUR,1,0.16298,1,0.0
2025-06-09T17:26:46.195439,PEPEEUR,2,1.047e-05,-1,-1.0000000000004986e-09
2025-06-09T17:27:45.295815,DOGEEUR,0,0.16308,1,9.999999999998899e-05
2025-06-09T17:27:45.660630,PEPEEUR,2,1.0475e-05,-1,-6.000000000001298e-09
2025-06-09T17:28:43.141241,DOGEEUR,0,0.16305,1,6.999999999998674e-05
2025-06-09T17:28:43.507229,PEPEEUR,2,1.0481e-05,-1,-1.2000000000000902e-08
2025-06-09T17:29:41.005503,DOGEEUR,0,0.16309,1,0.00010999999999999899
2025-06-09T17:29:41.732243,PEPEEUR,1,1.0515e-05,1,0.0
2025-06-09T17:30:39.738265,DOGEEUR,1,0.16312,1,0.00013999999999997348
2025-06-09T17:30:40.180918,PEPEEUR,1,1.0515e-05,1,0.0
2025-06-09T17:31:37.881889,DOGEEUR,1,0.16326,1,0.0002799999999999747
2025-06-09T17:31:38.223555,PEPEEUR,1,1.0503e-05,1,-1.2000000000000902e-08
2025-06-09T17:32:36.256066,DOGEEUR,1,0.16288,1,-0.00010000000000001674
2025-06-09T17:32:36.617440,PEPEEUR,1,1.0482e-05,1,-3.2999999999999515e-08
2025-06-09T17:33:34.875147,DOGEEUR,2,0.16289,-1,0.0
2025-06-09T17:33:35.226933,PEPEEUR,1,1.047e-05,1,-4.5000000000000416e-08
2025-06-09T17:34:33.030382,DOGEEUR,2,0.16279,-1,0.00010000000000001674
2025-06-09T17:34:33.399320,PEPEEUR,1,1.0444e-05,1,-7.099999999999983e-08
2025-06-09T17:35:31.246115,DOGEEUR,2,0.16272,-1,0.00017000000000000348
2025-06-09T17:35:31.252122,PEPEEUR,0,1.0459e-05,1,-5.600000000000082e-08
2025-06-09T17:36:29.461704,DOGEEUR,1,0.16262,1,0.0
2025-06-09T17:36:29.469575,PEPEEUR,0,1.045e-05,1,-6.500000000000022e-08
2025-06-09T17:37:28.914835,DOGEEUR,0,0.16287,1,0.0002500000000000002
2025-06-09T17:37:28.924312,PEPEEUR,0,1.0458e-05,1,-5.6999999999999624e-08
2025-06-09T17:38:26.393018,DOGEEUR,0,0.16283,1,0.00021000000000001573
2025-06-09T17:38:26.402522,PEPEEUR,0,1.0448e-05,1,-6.699999999999953e-08
2025-06-09T17:39:23.899792,DOGEEUR,0,0.16262,1,0.0
2025-06-09T17:39:24.273477,PEPEEUR,1,1.0442e-05,1,-7.300000000000083e-08
2025-06-09T17:40:21.764800,DOGEEUR,0,0.16275,1,0.000130000000000019
2025-06-09T17:40:21.773913,PEPEEUR,0,1.0429e-05,1,-8.600000000000053e-08
2025-06-09T17:41:19.836281,DOGEEUR,2,0.16272,-1,0.0
2025-06-09T17:41:20.589247,PEPEEUR,2,1.0422e-05,-1,0.0
2025-06-09T17:42:19.066331,DOGEEUR,1,0.16296,1,0.0
2025-06-09T17:42:19.493854,PEPEEUR,2,1.043e-05,-1,-8.000000000000601e-09
2025-06-09T17:43:17.228163,DOGEEUR,1,0.16308,1,0.00012000000000000899
2025-06-09T17:43:17.236222,PEPEEUR,0,1.0434e-05,-1,-1.2000000000000902e-08
2025-06-09T17:44:15.089449,DOGEEUR,1,0.1629,1,-6.0000000000004494e-05
2025-06-09T17:44:15.435393,PEPEEUR,2,1.0433e-05,-1,-1.1000000000000403e-08
2025-06-09T17:45:12.716115,DOGEEUR,0,0.16261,1,-0.0003499999999999892
2025-06-09T17:45:12.723273,PEPEEUR,0,1.039e-05,-1,3.1999999999999016e-08
2025-06-09T17:46:12.060378,DOGEEUR,1,0.16263,1,-0.00032999999999999696
2025-06-09T17:46:12.415161,PEPEEUR,2,1.0376e-05,-1,4.599999999999922e-08
2025-06-09T17:47:10.591683,DOGEEUR,2,0.16262,-1,0.0
2025-06-09T17:47:11.314759,PEPEEUR,1,1.0414e-05,1,0.0
2025-06-09T17:48:08.714082,DOGEEUR,0,0.16223,-1,0.0003899999999999737
2025-06-09T17:48:08.721217,PEPEEUR,0,1.0397e-05,1,-1.7000000000000007e-08
2025-06-09T17:49:06.004168,DOGEEUR,0,0.16227,-1,0.0003499999999999892
2025-06-09T17:49:06.743808,PEPEEUR,2,1.0397e-05,-1,0.0
2025-06-09T17:50:04.586647,DOGEEUR,2,0.16213,-1,0.0004899999999999904
2025-06-09T17:50:04.977762,PEPEEUR,2,1.0406e-05,-1,-8.999999999999406e-09
2025-06-09T17:51:03.017508,DOGEEUR,1,0.16223,1,0.0
2025-06-09T17:51:03.381504,PEPEEUR,2,1.0414e-05,-1,-1.7000000000000007e-08
2025-06-09T17:52:01.091795,DOGEEUR,1,0.16245,1,0.00021999999999999797
2025-06-09T17:52:01.449491,PEPEEUR,2,1.0415e-05,-1,-1.799999999999881e-08
2025-06-09T17:52:59.142476,DOGEEUR,1,0.16248,1,0.0002500000000000002
2025-06-09T17:52:59.515709,PEPEEUR,2,1.0429e-05,-1,-3.1999999999999016e-08
2025-06-09T17:53:57.210488,DOGEEUR,1,0.16238,1,0.00014999999999998348
2025-06-09T17:53:57.571536,PEPEEUR,2,1.0447e-05,-1,-4.999999999999952e-08
2025-06-09T17:54:57.118049,DOGEEUR,2,0.16252,-1,0.0
2025-06-09T17:54:55.959467,PEPEEUR,2,1.0496e-05,-1,-9.900000000000024e-08
2025-06-09T17:55:55.652110,DOGEEUR,1,0.16275,1,0.0
2025-06-09T17:55:56.004110,PEPEEUR,2,1.0482e-05,-1,-8.500000000000003e-08
2025-06-09T17:56:53.339762,DOGEEUR,0,0.16276,1,9.999999999982245e-06
2025-06-09T17:56:53.702111,PEPEEUR,2,1.0497e-05,-1,-9.999999999999904e-08
2025-06-09T17:57:51.442971,DOGEEUR,1,0.16287,1,0.00011999999999998123
2025-06-09T17:57:51.455381,PEPEEUR,0,1.0493e-05,-1,-9.599999999999874e-08
2025-06-09T17:58:49.130831,DOGEEUR,1,0.16254,1,-0.00021000000000001573
2025-06-09T17:58:49.139715,PEPEEUR,0,1.0463e-05,-1,-6.599999999999903e-08
2025-06-09T17:59:47.298306,DOGEEUR,1,0.16278,1,3.0000000000002247e-05
2025-06-09T17:59:47.307981,PEPEEUR,0,1.0498e-05,-1,-1.0099999999999954e-07
2025-06-09T18:00:44.560974,DOGEEUR,0,0.16275,1,0.0
2025-06-09T18:00:45.292732,PEPEEUR,1,1.0485e-05,1,0.0
2025-06-09T18:01:42.954151,DOGEEUR,1,0.16258,1,-0.00017000000000000348
2025-06-09T18:01:42.962154,PEPEEUR,0,1.0467e-05,1,-1.8000000000000505e-08
2025-06-09T18:02:40.396118,DOGEEUR,0,0.16255,1,-0.00020000000000000573
2025-06-09T18:02:41.128881,PEPEEUR,2,1.0472e-05,-1,0.0
2025-06-09T18:03:38.743911,DOGEEUR,1,0.1627,1,-4.999999999999449e-05
2025-06-09T18:03:39.122506,PEPEEUR,2,1.048e-05,-1,-7.999999999998907e-09
2025-06-09T18:04:38.412344,DOGEEUR,1,0.16283,1,7.999999999999674e-05
2025-06-09T18:04:38.427450,PEPEEUR,0,1.0479e-05,-1,-7.000000000000102e-09
2025-06-09T18:05:35.620809,DOGEEUR,0,0.1628,1,4.999999999999449e-05
2025-06-09T18:05:36.363458,PEPEEUR,1,1.0488e-05,1,0.0
2025-06-09T18:06:34.436210,DOGEEUR,2,0.1628,-1,0.0
2025-06-09T18:06:34.805424,PEPEEUR,1,1.0493e-05,1,4.999999999999105e-09
2025-06-09T18:07:33.336111,DOGEEUR,1,0.16283,1,0.0
2025-06-09T18:07:33.689226,PEPEEUR,1,1.0501e-05,1,1.2999999999999706e-08
2025-06-09T18:08:30.858848,DOGEEUR,0,0.16285,1,1.9999999999992246e-05
2025-06-09T18:08:31.206544,PEPEEUR,1,1.0491e-05,1,2.999999999999802e-09
2025-06-09T18:09:28.811841,DOGEEUR,1,0.16296,1,0.00012999999999999123
2025-06-09T18:09:29.188935,PEPEEUR,1,1.0499e-05,1,1.1000000000000403e-08
2025-06-09T18:10:26.724914,DOGEEUR,1,0.16292,1,9.000000000000674e-05
2025-06-09T18:10:27.523671,PEPEEUR,2,1.0511e-05,-1,0.0
2025-06-09T18:11:25.013226,DOGEEUR,1,0.16292,1,9.000000000000674e-05
2025-06-09T18:11:26.227182,PEPEEUR,1,1.0506e-05,1,0.0
2025-06-09T18:12:23.861922,DOGEEUR,1,0.16288,1,4.999999999999449e-05
2025-06-09T18:12:24.223548,PEPEEUR,1,1.0481e-05,1,-2.5000000000000608e-08
2025-06-09T18:13:21.482772,DOGEEUR,0,0.16274,1,-9.000000000000674e-05
2025-06-09T18:13:21.834629,PEPEEUR,1,1.0488e-05,1,-1.8000000000000505e-08
2025-06-09T18:14:21.233964,DOGEEUR,2,0.16261,-1,0.0
2025-06-09T18:14:21.954061,PEPEEUR,2,1.0474e-05,-1,0.0
2025-06-09T18:15:19.970820,DOGEEUR,1,0.16282,1,0.0
2025-06-09T18:15:20.324635,PEPEEUR,2,1.0491e-05,-1,-1.7000000000000007e-08
2025-06-09T18:16:18.320580,DOGEEUR,2,0.16277,-1,0.0
2025-06-09T18:16:18.707346,PEPEEUR,2,1.0483e-05,-1,-8.999999999999406e-09
2025-06-09T18:17:16.744612,DOGEEUR,1,0.1631,1,0.0
2025-06-09T18:17:17.125930,PEPEEUR,2,1.0501e-05,-1,-2.699999999999991e-08
2025-06-09T18:18:14.276092,DOGEEUR,0,0.1638,1,0.0007000000000000062
2025-06-09T18:18:15.033492,PEPEEUR,1,1.0541e-05,1,0.0
2025-06-09T18:19:12.950216,DOGEEUR,2,0.16374,-1,0.0
2025-06-09T18:19:13.306104,PEPEEUR,1,1.0541e-05,1,0.0
2025-06-09T18:20:10.419452,DOGEEUR,0,0.16376,-1,-1.9999999999992246e-05
2025-06-09T18:20:11.177695,PEPEEUR,2,1.0536e-05,-1,0.0
2025-06-09T18:21:08.685428,DOGEEUR,2,0.16388,-1,-0.00014000000000000123
2025-06-09T18:21:08.697848,PEPEEUR,0,1.0528e-05,-1,8.000000000000601e-09
2025-06-09T18:22:05.892277,DOGEEUR,0,0.16368,-1,6.0000000000004494e-05
2025-06-09T18:22:06.256315,PEPEEUR,2,1.0534e-05,-1,2.0000000000009973e-09
2025-06-09T18:23:04.234723,DOGEEUR,1,0.16379,1,0.0
2025-06-09T18:23:04.990133,PEPEEUR,1,1.0516e-05,1,0.0
2025-06-09T18:24:04.135074,DOGEEUR,1,0.1643,1,0.0005100000000000104
2025-06-09T18:24:04.900205,PEPEEUR,2,1.0547e-05,-1,0.0
2025-06-09T18:25:02.860658,DOGEEUR,2,0.16393,-1,0.0
2025-06-09T18:25:03.269364,PEPEEUR,2,1.0533e-05,-1,1.4000000000000205e-08
2025-06-09T18:26:01.141106,DOGEEUR,1,0.16377,1,0.0
2025-06-09T18:26:01.499532,PEPEEUR,2,1.0515e-05,-1,3.200000000000071e-08
2025-06-09T18:26:59.753184,DOGEEUR,2,0.16356,-1,0.0
2025-06-09T18:27:00.481734,PEPEEUR,1,1.0508e-05,1,0.0
2025-06-09T18:27:57.903866,DOGEEUR,2,0.16319,-1,0.0003700000000000092
2025-06-09T18:27:59.163744,PEPEEUR,2,1.0485e-05,-1,0.0
2025-06-09T18:28:57.024634,DOGEEUR,1,0.16341,1,0.0
2025-06-09T18:28:57.739727,PEPEEUR,1,1.0481e-05,1,0.0
2025-06-09T18:29:55.645484,DOGEEUR,2,0.16316,-1,0.0
2025-06-09T18:29:56.021001,PEPEEUR,1,1.0487e-05,1,5.999999999999604e-09
2025-06-09T18:30:52.973709,DOGEEUR,0,0.16331,-1,-0.00015000000000001124
2025-06-09T18:30:53.334070,PEPEEUR,1,1.0467e-05,1,-1.4000000000000205e-08
2025-06-09T18:31:50.799573,DOGEEUR,2,0.16336,-1,-0.00020000000000000573
2025-06-09T18:31:51.582840,PEPEEUR,2,1.0444e-05,-1,0.0
2025-06-09T18:32:48.818880,DOGEEUR,0,0.16303,-1,0.00012999999999999123
2025-06-09T18:32:49.227481,PEPEEUR,2,1.045e-05,-1,-5.999999999999604e-09
2025-06-09T18:33:47.108889,DOGEEUR,1,0.16288,1,0.0
2025-06-09T18:33:47.866140,PEPEEUR,1,1.0461e-05,1,0.0
2025-06-09T18:34:46.942621,DOGEEUR,1,0.16296,1,7.999999999999674e-05
2025-06-09T18:34:47.300445,PEPEEUR,1,1.0434e-05,1,-2.699999999999991e-08
2025-06-09T18:35:44.676811,DOGEEUR,1,0.16316,1,0.00028000000000000247
2025-06-09T18:35:45.058720,PEPEEUR,1,1.0465e-05,1,4.0000000000003005e-09
2025-06-09T18:36:42.524033,DOGEEUR,1,0.16318,1,0.0002999999999999947
2025-06-09T18:36:42.532129,PEPEEUR,0,1.0483e-05,1,2.1999999999999112e-08
2025-06-09T18:37:39.908892,DOGEEUR,1,0.16305,1,0.00017000000000000348
2025-06-09T18:37:39.918411,PEPEEUR,0,1.0491e-05,1,2.999999999999971e-08
2025-06-09T18:38:37.100834,DOGEEUR,0,0.16306,1,0.00018000000000001348
2025-06-09T18:38:37.106701,PEPEEUR,0,1.0479e-05,1,1.8000000000000505e-08
2025-06-09T18:39:33.970211,DOGEEUR,0,0.16316,1,0.00028000000000000247
2025-06-09T18:39:33.979859,PEPEEUR,0,1.0472e-05,1,1.1000000000000403e-08
2025-06-09T18:40:31.111326,DOGEEUR,0,0.16316,1,0.00028000000000000247
2025-06-09T18:40:31.919725,PEPEEUR,2,1.0494e-05,-1,0.0
2025-06-09T18:41:29.322501,DOGEEUR,1,0.16335,1,0.0004699999999999982
2025-06-09T18:41:29.689948,PEPEEUR,2,1.0492e-05,-1,1.9999999999993032e-09
2025-06-09T18:42:27.814944,DOGEEUR,2,0.16318,-1,0.0
2025-06-09T18:42:28.186309,PEPEEUR,2,1.046e-05,-1,3.400000000000001e-08
2025-06-09T18:43:27.836501,DOGEEUR,1,0.16305,1,0.0
2025-06-09T18:43:28.232868,PEPEEUR,2,1.0462e-05,-1,3.1999999999999016e-08
2025-06-09T18:44:25.581436,DOGEEUR,1,0.16322,1,0.00017000000000000348
2025-06-09T18:44:25.931367,PEPEEUR,2,1.0491e-05,-1,2.999999999999802e-09
2025-06-09T18:45:23.276114,DOGEEUR,1,0.16315,1,9.999999999998899e-05
2025-06-09T18:45:24.007706,PEPEEUR,1,1.047e-05,1,0.0
2025-06-09T18:46:20.955437,DOGEEUR,0,0.16312,1,6.999999999998674e-05
2025-06-09T18:46:21.350294,PEPEEUR,1,1.047e-05,1,0.0
2025-06-09T18:47:18.313261,DOGEEUR,0,0.16306,1,1.0000000000010001e-05
2025-06-09T18:47:19.046717,PEPEEUR,2,1.0456e-05,-1,0.0
2025-06-09T18:48:16.787629,DOGEEUR,2,0.16295,-1,0.0
2025-06-09T18:48:16.793821,PEPEEUR,0,1.0465e-05,-1,-9.0000000000011e-09
2025-06-09T18:49:13.713227,DOGEEUR,0,0.16252,-1,0.0004300000000000137
2025-06-09T18:49:14.080071,PEPEEUR,2,1.0458e-05,-1,-2.0000000000009973e-09
2025-06-09T18:50:11.069652,DOGEEUR,0,0.16254,-1,0.00041000000000002146
2025-06-09T18:50:11.082062,PEPEEUR,0,1.043e-05,-1,2.5999999999999412e-08
2025-06-09T18:51:08.698476,DOGEEUR,1,0.1625,1,0.0
2025-06-09T18:51:09.062768,PEPEEUR,2,1.0437e-05,-1,1.899999999999931e-08
2025-06-09T18:52:06.974438,DOGEEUR,1,0.16239,1,-0.00010999999999999899
2025-06-09T18:52:06.983335,PEPEEUR,0,1.0427e-05,-1,2.8999999999999214e-08
2025-06-09T18:53:06.046767,DOGEEUR,1,0.16239,1,-0.00010999999999999899
2025-06-09T18:53:06.052830,PEPEEUR,0,1.0426e-05,-1,2.999999999999971e-08
2025-06-09T18:54:03.757737,DOGEEUR,1,0.16244,1,-6.0000000000004494e-05
2025-06-09T18:54:04.149326,PEPEEUR,2,1.0432e-05,-1,2.400000000000011e-08
2025-06-09T18:55:01.381014,DOGEEUR,1,0.16244,1,-6.0000000000004494e-05
2025-06-09T18:55:01.746710,PEPEEUR,2,1.0429e-05,-1,2.699999999999991e-08
2025-06-09T18:55:58.661993,DOGEEUR,0,0.16234,1,-0.00015999999999999348
2025-06-09T18:55:59.007719,PEPEEUR,2,1.0437e-05,-1,1.899999999999931e-08
2025-06-09T18:56:56.642754,DOGEEUR,2,0.16251,-1,0.0
2025-06-09T18:56:57.033064,PEPEEUR,2,1.0441e-05,-1,1.499999999999901e-08
2025-06-09T18:57:55.207602,DOGEEUR,1,0.16274,1,0.0
2025-06-09T18:57:56.001212,PEPEEUR,1,1.0472e-05,1,0.0
2025-06-09T18:58:52.893167,DOGEEUR,0,0.16264,1,-9.999999999998899e-05
2025-06-09T18:58:53.627682,PEPEEUR,2,1.0454e-05,-1,0.0
2025-06-09T18:59:51.148220,DOGEEUR,2,0.16262,-1,0.0
2025-06-09T18:59:51.158029,PEPEEUR,0,1.0444e-05,-1,9.999999999999904e-09
2025-06-09T19:00:48.423100,DOGEEUR,2,0.16249,-1,0.00012999999999999123
2025-06-09T19:00:48.783040,PEPEEUR,2,1.0434e-05,-1,1.999999999999981e-08
2025-06-09T19:01:47.323685,DOGEEUR,0,0.1625,-1,0.00011999999999998123
2025-06-09T19:01:48.061946,PEPEEUR,1,1.0432e-05,1,0.0
2025-06-09T19:02:44.984355,DOGEEUR,0,0.16255,-1,6.999999999998674e-05
2025-06-09T19:02:44.994749,PEPEEUR,0,1.0437e-05,1,5.000000000000799e-09
2025-06-09T19:03:42.527213,DOGEEUR,1,0.16246,1,0.0
2025-06-09T19:03:43.249303,PEPEEUR,2,1.0417e-05,-1,0.0
2025-06-09T19:04:40.510773,DOGEEUR,1,0.16272,1,0.0002600000000000102
2025-06-09T19:04:40.871771,PEPEEUR,2,1.0425e-05,-1,-7.999999999998907e-09
2025-06-09T19:05:38.478380,DOGEEUR,2,0.16259,-1,0.0
2025-06-09T19:05:38.862559,PEPEEUR,2,1.0416e-05,-1,1.0000000000004986e-09
2025-06-09T19:06:36.788007,DOGEEUR,0,0.16244,-1,0.00015000000000001124
2025-06-09T19:06:37.133566,PEPEEUR,2,1.0415e-05,-1,2.0000000000009973e-09
2025-06-09T19:07:34.419567,DOGEEUR,2,0.16249,-1,0.00010000000000001674
2025-06-09T19:07:34.798317,PEPEEUR,2,1.0426e-05,-1,-8.999999999999406e-09
2025-06-09T19:08:32.006524,DOGEEUR,2,0.16239,-1,0.00020000000000000573
2025-06-09T19:08:32.363974,PEPEEUR,2,1.0423e-05,-1,-5.999999999999604e-09
2025-06-09T19:09:29.595902,DOGEEUR,2,0.16244,-1,0.00015000000000001124
2025-06-09T19:09:30.016145,PEPEEUR,2,1.0421e-05,-1,-4.0000000000003005e-09
2025-06-09T19:10:26.826427,DOGEEUR,0,0.16267,-1,-7.999999999999674e-05
2025-06-09T19:10:27.236549,PEPEEUR,2,1.0435e-05,-1,-1.799999999999881e-08
2025-06-09T19:11:26.325493,DOGEEUR,0,0.16267,-1,-7.999999999999674e-05
2025-06-09T19:11:26.331265,PEPEEUR,0,1.0437e-05,-1,-1.999999999999981e-08
2025-06-09T19:12:22.930978,DOGEEUR,1,0.16277,1,0.0
2025-06-09T19:12:22.944362,PEPEEUR,0,1.0456e-05,-1,-3.899999999999912e-08
2025-06-09T19:13:20.319222,DOGEEUR,1,0.16279,1,1.9999999999992246e-05
2025-06-09T19:13:20.688280,PEPEEUR,2,1.0461e-05,-1,-4.399999999999992e-08
2025-06-09T19:14:17.648130,DOGEEUR,0,0.16283,1,6.0000000000004494e-05
2025-06-09T19:14:18.456453,PEPEEUR,1,1.0474e-05,1,0.0
2025-06-09T19:15:15.941399,DOGEEUR,2,0.16277,-1,0.0
2025-06-09T19:15:15.953431,PEPEEUR,0,1.0466e-05,1,-8.000000000000601e-09
2025-06-09T19:16:15.320658,DOGEEUR,1,0.16279,1,0.0
2025-06-09T19:16:15.326905,PEPEEUR,0,1.048e-05,1,5.999999999999604e-09
2025-06-09T19:17:12.072924,DOGEEUR,0,0.16285,1,6.0000000000004494e-05
2025-06-09T19:17:12.080740,PEPEEUR,0,1.0482e-05,1,8.000000000000601e-09
2025-06-09T19:18:09.340812,DOGEEUR,1,0.16291,1,0.00012000000000000899
2025-06-09T19:18:10.108216,PEPEEUR,2,1.0476e-05,-1,0.0
2025-06-09T19:19:06.863518,DOGEEUR,0,0.16298,1,0.00019000000000002348
2025-06-09T19:19:06.888504,PEPEEUR,0,1.0476e-05,-1,0.0
2025-06-09T19:20:04.377842,DOGEEUR,2,0.16301,-1,0.0
2025-06-09T19:20:04.779338,PEPEEUR,2,1.0497e-05,-1,-2.1000000000000307e-08
2025-06-09T19:21:01.413256,DOGEEUR,0,0.16312,-1,-0.00010999999999999899
2025-06-09T19:21:02.205903,PEPEEUR,1,1.0471e-05,1,0.0
2025-06-09T19:21:59.071589,DOGEEUR,0,0.16302,-1,-1.0000000000010001e-05
2025-06-09T19:21:59.439166,PEPEEUR,1,1.0485e-05,1,1.4000000000000205e-08
2025-06-09T19:22:56.920256,DOGEEUR,2,0.16297,-1,3.999999999998449e-05
2025-06-09T19:22:57.279037,PEPEEUR,1,1.0487e-05,1,1.5999999999999508e-08
2025-06-09T19:23:54.408579,DOGEEUR,2,0.16316,-1,-0.00015000000000001124
2025-06-09T19:23:55.168774,PEPEEUR,2,1.0496e-05,-1,0.0
2025-06-09T19:24:53.747145,DOGEEUR,0,0.16326,-1,-0.0002500000000000002
2025-06-09T19:24:52.655493,PEPEEUR,1,1.0523e-05,1,0.0
2025-06-09T19:25:52.502093,DOGEEUR,1,0.16304,1,0.0
2025-06-09T19:25:53.378463,PEPEEUR,2,1.0531e-05,-1,0.0
2025-06-09T19:26:50.481633,DOGEEUR,1,0.1629,1,-0.00014000000000000123
2025-06-09T19:26:51.208978,PEPEEUR,1,1.0542e-05,1,0.0
2025-06-09T19:27:48.679146,DOGEEUR,2,0.16285,-1,0.0
2025-06-09T19:27:49.932864,PEPEEUR,2,1.0524e-05,-1,0.0
2025-06-09T19:28:47.315465,DOGEEUR,1,0.16276,1,0.0
2025-06-09T19:28:47.323444,PEPEEUR,0,1.0538e-05,-1,-1.4000000000000205e-08
2025-06-09T19:29:43.955219,DOGEEUR,0,0.16289,1,0.000130000000000019
2025-06-09T19:29:44.715359,PEPEEUR,1,1.0517e-05,1,0.0
2025-06-09T19:30:41.408558,DOGEEUR,0,0.16272,1,-3.999999999998449e-05
2025-06-09T19:30:41.416753,PEPEEUR,0,1.0529e-05,1,1.2000000000000902e-08
2025-06-09T19:31:38.086614,DOGEEUR,0,0.16294,1,0.00018000000000001348
2025-06-09T19:31:38.854005,PEPEEUR,2,1.0536e-05,-1,0.0
2025-06-09T19:32:35.565522,DOGEEUR,0,0.16307,1,0.0003100000000000047
2025-06-09T19:32:36.350920,PEPEEUR,1,1.054e-05,1,0.0
2025-06-09T19:33:33.904315,DOGEEUR,2,0.16285,-1,0.0
2025-06-09T19:33:34.742409,PEPEEUR,2,1.0538e-05,-1,0.0
2025-06-09T19:34:31.998604,DOGEEUR,2,0.16273,-1,0.00011999999999998123
2025-06-09T19:34:32.506243,PEPEEUR,2,1.0537e-05,-1,1.0000000000004986e-09
2025-06-09T19:35:31.921001,DOGEEUR,1,0.16275,1,0.0
2025-06-09T19:35:32.311060,PEPEEUR,2,1.0547e-05,-1,-9.0000000000011e-09
2025-06-09T19:36:29.297581,DOGEEUR,1,0.16281,1,6.0000000000004494e-05
2025-06-09T19:36:29.662415,PEPEEUR,2,1.0556e-05,-1,-1.8000000000000505e-08
2025-06-09T19:37:26.748600,DOGEEUR,1,0.1627,1,-4.999999999999449e-05
2025-06-09T19:37:26.756509,PEPEEUR,0,1.0546e-05,-1,-8.000000000000601e-09
2025-06-09T19:38:23.224649,DOGEEUR,2,0.16279,-1,0.0
2025-06-09T19:38:23.940155,PEPEEUR,1,1.0554e-05,1,0.0
2025-06-09T19:39:20.613152,DOGEEUR,0,0.16275,-1,3.999999999998449e-05
2025-06-09T19:39:21.330181,PEPEEUR,2,1.0558e-05,-1,0.0
2025-06-09T19:40:19.926936,DOGEEUR,0,0.16265,-1,0.00014000000000000123
2025-06-09T19:40:20.269212,PEPEEUR,2,1.053e-05,-1,2.7999999999998715e-08
2025-06-09T19:41:16.849786,DOGEEUR,0,0.16252,-1,0.00026999999999999247
2025-06-09T19:41:17.211405,PEPEEUR,2,1.0512e-05,-1,4.599999999999922e-08
2025-06-09T19:42:13.861075,DOGEEUR,0,0.1627,-1,8.999999999997899e-05
2025-06-09T19:42:13.868647,PEPEEUR,0,1.0535e-05,-1,2.299999999999961e-08
2025-06-09T19:43:11.305131,DOGEEUR,1,0.16279,1,0.0
2025-06-09T19:43:11.758422,PEPEEUR,2,1.0539e-05,-1,1.899999999999931e-08
2025-06-09T19:44:08.775475,DOGEEUR,1,0.16282,1,3.0000000000002247e-05
2025-06-09T19:44:09.548024,PEPEEUR,1,1.0534e-05,1,0.0
2025-06-09T19:45:07.068541,DOGEEUR,2,0.16264,-1,0.0
2025-06-09T19:45:07.824323,PEPEEUR,2,1.0525e-05,-1,0.0
2025-06-09T19:46:05.017397,DOGEEUR,2,0.16235,-1,0.00029000000000001247
2025-06-09T19:46:05.381788,PEPEEUR,2,1.0505e-05,-1,1.999999999999981e-08
2025-06-09T19:47:02.615896,DOGEEUR,1,0.1625,1,0.0
2025-06-09T19:47:02.621808,PEPEEUR,0,1.0507e-05,-1,1.8000000000000505e-08
2025-06-09T19:47:59.781344,DOGEEUR,0,0.16237,1,-0.000130000000000019
2025-06-09T19:48:00.525371,PEPEEUR,1,1.0496e-05,1,0.0
2025-06-09T19:48:57.142798,DOGEEUR,0,0.16252,1,1.9999999999992246e-05
2025-06-09T19:48:57.521156,PEPEEUR,1,1.0486e-05,1,-1.0000000000001598e-08
2025-06-09T19:49:56.047778,DOGEEUR,0,0.16229,1,-0.00021000000000001573
2025-06-09T19:49:56.865662,PEPEEUR,2,1.0498e-05,-1,0.0
2025-06-09T19:50:52.630553,DOGEEUR,0,0.16236,1,-0.00014000000000000123
2025-06-09T19:50:53.390339,PEPEEUR,1,1.0473e-05,1,0.0
2025-06-09T19:51:49.867745,DOGEEUR,0,0.1622,1,-0.0002999999999999947
2025-06-09T19:51:50.639987,PEPEEUR,2,1.0468e-05,-1,0.0
2025-06-09T19:52:47.716740,DOGEEUR,1,0.16244,1,-6.0000000000004494e-05
2025-06-09T19:52:48.069021,PEPEEUR,2,1.0469e-05,-1,-9.999999999988046e-10
2025-06-09T19:53:45.074569,DOGEEUR,1,0.1624,1,-0.00010000000000001674
2025-06-09T19:53:45.498564,PEPEEUR,2,1.048e-05,-1,-1.1999999999999207e-08
2025-06-09T19:54:44.344233,DOGEEUR,1,0.16245,1,-4.999999999999449e-05
2025-06-09T19:54:44.718024,PEPEEUR,2,1.0478e-05,-1,-9.999999999999904e-09
2025-06-09T19:55:41.720046,DOGEEUR,1,0.16235,1,-0.00015000000000001124
2025-06-09T19:55:42.117644,PEPEEUR,2,1.0457e-05,-1,1.1000000000000403e-08
2025-06-09T19:56:39.455869,DOGEEUR,2,0.16234,-1,0.0
2025-06-09T19:56:40.242397,PEPEEUR,1,1.0458e-05,1,0.0
2025-06-09T19:57:36.832708,DOGEEUR,0,0.16241,-1,-6.999999999998674e-05
2025-06-09T19:57:37.573434,PEPEEUR,2,1.0459e-05,-1,0.0
2025-06-09T19:58:34.192780,DOGEEUR,0,0.16233,-1,1.0000000000010001e-05
2025-06-09T19:58:34.930509,PEPEEUR,1,1.0484e-05,1,0.0
2025-06-09T19:59:32.204511,DOGEEUR,1,0.16234,1,0.0
2025-06-09T19:59:32.970716,PEPEEUR,2,1.0502e-05,-1,0.0
2025-06-09T20:00:29.947455,DOGEEUR,1,0.16246,1,0.00011999999999998123
2025-06-09T20:00:30.712180,PEPEEUR,1,1.0494e-05,1,0.0
2025-06-09T20:01:27.957476,DOGEEUR,2,0.16259,-1,0.0
2025-06-09T20:01:28.306047,PEPEEUR,1,1.0534e-05,1,3.999999999999962e-08
2025-06-09T20:02:25.517114,DOGEEUR,2,0.16242,-1,0.00017000000000000348
2025-06-09T20:02:25.536698,PEPEEUR,0,1.0511e-05,1,1.7000000000000007e-08
2025-06-09T20:03:22.932258,DOGEEUR,1,0.1627,1,0.0
2025-06-09T20:03:23.696826,PEPEEUR,2,1.051e-05,-1,0.0
2025-06-09T20:04:22.511440,DOGEEUR,1,0.16263,1,-7.00000000000145e-05
2025-06-09T20:04:22.895561,PEPEEUR,2,1.0488e-05,-1,2.1999999999999112e-08
2025-06-09T20:05:19.784897,DOGEEUR,1,0.1624,1,-0.00030000000000002247
2025-06-09T20:05:20.161830,PEPEEUR,2,1.0498e-05,-1,1.1999999999999207e-08
2025-06-09T20:06:17.074115,DOGEEUR,1,0.16228,1,-0.0004200000000000037
2025-06-09T20:06:17.082299,PEPEEUR,0,1.0484e-05,-1,2.5999999999999412e-08
2025-06-09T20:07:14.398690,DOGEEUR,2,0.16207,-1,0.0
2025-06-09T20:07:14.763832,PEPEEUR,2,1.046e-05,-1,4.999999999999952e-08
2025-06-09T20:08:11.909617,DOGEEUR,2,0.16237,-1,-0.0002999999999999947
2025-06-09T20:08:12.692404,PEPEEUR,1,1.0481e-05,1,0.0
2025-06-09T20:09:09.478665,DOGEEUR,2,0.16217,-1,-0.00010000000000001674
2025-06-09T20:09:10.198057,PEPEEUR,2,1.0478e-05,-1,0.0
2025-06-09T20:10:07.676005,DOGEEUR,1,0.1623,1,0.0
2025-06-09T20:10:08.539672,PEPEEUR,1,1.0482e-05,1,0.0
2025-06-09T20:11:05.421844,DOGEEUR,1,0.16229,1,-1.0000000000010001e-05
2025-06-09T20:11:05.429569,PEPEEUR,0,1.0506e-05,1,2.400000000000011e-08
2025-06-09T20:12:02.181781,DOGEEUR,1,0.16241,1,0.00010999999999999899
2025-06-09T20:12:02.190230,PEPEEUR,0,1.049e-05,1,7.999999999998907e-09
2025-06-09T20:12:59.119701,DOGEEUR,1,0.16203,1,-0.00026999999999999247
2025-06-09T20:12:59.126065,PEPEEUR,0,1.0439e-05,1,-4.300000000000111e-08
2025-06-09T20:13:58.319651,DOGEEUR,2,0.16156,-1,0.0
2025-06-09T20:13:58.757745,PEPEEUR,1,1.0442e-05,1,-4.000000000000131e-08
2025-06-09T20:14:55.985051,DOGEEUR,1,0.16183,1,0.0
2025-06-09T20:14:56.730303,PEPEEUR,2,1.0444e-05,-1,0.0
2025-06-09T20:15:53.135475,DOGEEUR,0,0.16129,1,-0.0005400000000000127
2025-06-09T20:15:53.504836,PEPEEUR,2,1.0381e-05,-1,6.300000000000092e-08
2025-06-09T20:16:50.718380,DOGEEUR,2,0.16109,-1,0.0
2025-06-09T20:16:50.721227,PEPEEUR,0,1.0403e-05,-1,4.1000000000000116e-08
2025-06-09T20:17:47.171409,DOGEEUR,0,0.16134,-1,-0.0002500000000000002
2025-06-09T20:17:47.537362,PEPEEUR,2,1.0418e-05,-1,2.6000000000001106e-08
2025-06-09T20:18:44.434935,DOGEEUR,2,0.16141,-1,-0.00031999999999998696
2025-06-09T20:18:44.447728,PEPEEUR,0,1.0405e-05,-1,3.900000000000081e-08
2025-06-09T20:19:42.129815,DOGEEUR,1,0.16135,1,0.0
2025-06-09T20:19:42.134615,PEPEEUR,0,1.0425e-05,-1,1.9000000000001004e-08
2025-06-09T20:20:39.003748,DOGEEUR,1,0.16136,1,1.0000000000010001e-05
2025-06-09T20:20:39.011164,PEPEEUR,0,1.0397e-05,-1,4.699999999999972e-08
2025-06-09T20:21:35.653734,DOGEEUR,1,0.1615,1,0.00015000000000001124
2025-06-09T20:21:36.025848,PEPEEUR,2,1.0416e-05,-1,2.800000000000041e-08
2025-06-09T20:22:32.874474,DOGEEUR,1,0.16125,1,-9.999999999998899e-05
2025-06-09T20:22:33.291885,PEPEEUR,2,1.0405e-05,-1,3.900000000000081e-08
2025-06-09T20:23:32.055071,DOGEEUR,1,0.16094,1,-0.0004099999999999937
2025-06-09T20:23:32.807711,PEPEEUR,1,1.0375e-05,1,0.0
2025-06-09T20:24:29.539037,DOGEEUR,1,0.16115,1,-0.00020000000000000573
2025-06-09T20:24:29.904802,PEPEEUR,1,1.0401e-05,1,2.5999999999999412e-08
2025-06-09T20:25:26.339483,DOGEEUR,0,0.16109,1,-0.00025999999999998247
2025-06-09T20:25:26.704188,PEPEEUR,1,1.0403e-05,1,2.800000000000041e-08
2025-06-09T20:26:23.907371,DOGEEUR,2,0.16131,-1,0.0
2025-06-09T20:26:24.275183,PEPEEUR,1,1.0407e-05,1,3.200000000000071e-08
2025-06-09T20:27:20.495398,DOGEEUR,0,0.16101,-1,0.00030000000000002247
2025-06-09T20:27:21.246851,PEPEEUR,2,1.0399e-05,-1,0.0
2025-06-09T20:28:18.552054,DOGEEUR,1,0.1611,1,0.0
2025-06-09T20:28:18.556405,PEPEEUR,0,1.0389e-05,-1,9.999999999999904e-09
2025-06-09T20:29:15.229155,DOGEEUR,1,0.16075,1,-0.0003499999999999892
2025-06-09T20:29:15.237379,PEPEEUR,0,1.0369e-05,-1,2.999999999999971e-08
2025-06-09T20:30:11.569924,DOGEEUR,0,0.16073,1,-0.00036999999999998145
2025-06-09T20:30:11.974319,PEPEEUR,2,1.0364e-05,-1,3.500000000000051e-08
2025-06-09T20:31:08.725259,DOGEEUR,1,0.16065,1,-0.00045000000000000595
2025-06-09T20:31:09.083336,PEPEEUR,2,1.0355e-05,-1,4.399999999999992e-08
2025-06-09T20:32:07.764195,DOGEEUR,1,0.16026,1,-0.0008399999999999797
2025-06-09T20:32:08.544883,PEPEEUR,1,1.0322e-05,1,0.0
2025-06-09T20:33:05.051755,DOGEEUR,0,0.16029,1,-0.0008100000000000052
2025-06-09T20:33:05.406905,PEPEEUR,1,1.0307e-05,1,-1.5000000000000703e-08
2025-06-09T20:34:02.201687,DOGEEUR,1,0.16076,1,-0.00034000000000000696
2025-06-09T20:34:02.565068,PEPEEUR,1,1.0328e-05,1,5.999999999999604e-09
2025-06-09T20:34:59.864960,DOGEEUR,2,0.16066,-1,0.0
2025-06-09T20:35:00.606563,PEPEEUR,2,1.0334e-05,-1,0.0
2025-06-09T20:35:57.329090,DOGEEUR,2,0.16067,-1,-1.0000000000010001e-05
2025-06-09T20:35:57.723020,PEPEEUR,2,1.0324e-05,-1,9.999999999999904e-09
2025-06-09T20:36:54.846369,DOGEEUR,1,0.16089,1,0.0
2025-06-09T20:36:55.197211,PEPEEUR,2,1.0342e-05,-1,-8.000000000000601e-09
2025-06-09T20:37:51.536132,DOGEEUR,0,0.16069,1,-0.00020000000000000573
2025-06-09T20:37:51.903805,PEPEEUR,2,1.031e-05,-1,2.400000000000011e-08
2025-06-09T20:38:48.943194,DOGEEUR,2,0.16066,-1,0.0
2025-06-09T20:38:49.718512,PEPEEUR,1,1.0333e-05,1,0.0
2025-06-09T20:39:46.821925,DOGEEUR,1,0.16078,1,0.0
2025-06-09T20:39:47.218093,PEPEEUR,1,1.0353e-05,1,2.0000000000001503e-08
2025-06-09T20:40:44.187564,DOGEEUR,2,0.16081,-1,0.0
2025-06-09T20:40:44.574272,PEPEEUR,1,1.0329e-05,1,-3.9999999999986064e-09
2025-06-09T20:41:41.522354,DOGEEUR,1,0.16063,1,0.0
2025-06-09T20:41:41.896622,PEPEEUR,1,1.0323e-05,1,-9.999999999999904e-09
2025-06-09T20:42:40.340076,DOGEEUR,0,0.16044,1,-0.00018999999999999573
2025-06-09T20:42:40.715369,PEPEEUR,1,1.0324e-05,1,-8.999999999999406e-09
2025-06-09T20:43:37.857279,DOGEEUR,1,0.16042,1,-0.00020999999999998797
2025-06-09T20:43:38.614605,PEPEEUR,2,1.0272e-05,-1,0.0
2025-06-09T20:44:35.299468,DOGEEUR,1,0.16061,1,-1.9999999999992246e-05
2025-06-09T20:44:36.080439,PEPEEUR,1,1.0293e-05,1,0.0
2025-06-09T20:45:32.685744,DOGEEUR,1,0.16068,1,4.999999999999449e-05
